pojazd_id,marka,kategoria,typ,model,wariant,wersja,rodzaj,podrodzaj,przeznaczenie,pochodzenie,rodzaj_tab_znamionowej,rok_produkcji,sposob_produkcji,data_pierwszej_rej,data_rejestracji_ost,data_pierwszej_rej_za_granica,pojemnosc_silnika,moc_do_masy,moc_silnika,moc_silnika_hybrydowego,masa_wlasna,masa_pgj,dopuszczalna_masa_calkowita,maksymalna_masa_calkowita,dopuszczalna_ladownosc_calk,maksymalna_ladownosc_calk,dopuszczalna_masa_ciag_zesp,liczba_osi,naj_dopuszczalny_nacisk_osi,naj_maksymalny_nacisk_osi,max_masa_przyczepy_z_hamulcem,max_masa_przyczepy_bez_ham,liczba_miejsc_ogolem,liczba_miejsc_siedzacych,liczba_miejsc_stojacych,rodzaj_paliwa,rodzaj_paliwa_alternatywnego,rodzaj_paliwa_alternatywnego2,sr_zuzycie_pal,rodzaj_zawieszenia,radar,hak,kierownica_polozenie,kierownica_z_prawej,katalizator,producent_podstawowy,kod_ident,rozstaw_osi_kierowanej,rozstaw_kol_max,rozstaw_kol_sred,rozstaw_kol_min,emisja_co2_redukcja,wersja_rpp,kod_rpp,data_wyrejestrowania,przyczyna_wyrejestrowania,data_wprowadzenia_danych,akt_miejsce_rej_wojwe,akt_miejsce_rej_powiat,akt_miejsce_rej_gmina,siedziba_wlasciciela_woj,siedziba_wlasciciela_pow,siedziba_wlasciciela_gmina,data_pierwszej_rej_w_kraju,createtimestamp,modifytimestamp,siedziba_wlasciciela_woj_teryt,akt_miejsce_rej_wojew_teryt,emisja_co2,emisja_co2_pal_alternatywne1
18366095070545,OPEL,,---,"ASTRA 1,6 KAT",---,---,SAMOCHÓD OSOBOWY,HATCHBACK,---,UŻYW. ZAKUPIONY W KRAJU,ORYGINALNA,1991,FABRYCZNY,1991-11-21,2013-07-19,1991-11-21,1598.00,,55.00,,950,,1475,1475,,,,2,7,7,1000,500,5,5,,BENZYNA,,,,,,T,,,N,,002240001000000,,,,,,9,03,2016-08-12,PRZEKAZANIE POJAZDU DO DEMONTAŻU,2017-10-17,KUJAWSKO-POMORSKIE,ŻNIŃSKI,ŻNIN,KUJAWSKO-POMORSKIE,ŻNIŃSKI,JANOWIEC WIELKOPOLSKI,2005-09-01,2019-03-15,2019-03-15,04,04,,
83995829397929,URSUS,,,C 355,,,CIĄGNIK ROLNICZY,KOŁOWY,---,UŻYW. ZAKUPIONY W KRAJU,ORYGINALNA,1975,FABRYCZNY,1975-02-09,2004-12-09,,3120.00,,1.00,,99999,,2680,,2100,,,2,1,1,,,999,999,,OLEJ NAPĘDOWY,,,,,,N,,,B,,,,,,,,,,,,,KUJAWSKO-POMORSKIE,BYDGOSZCZ,BYDGOSZCZ,KUJAWSKO-POMORSKIE,BYDGOSKI,KORONOWO,1975-02-09,2019-03-15,2019-03-15,04,04,,
28177381247125,SEAT,13,6J,IBIZA,SCCBZBX0,SGNFM52T1067MJGI,SAMOCHÓD OSOBOWY,WIELOZADANIOWY,---,NOWY ZAKUPIONY W KRAJU,ORYGINALNA,2014,FABRYCZNY,2015-01-22,2015-01-22,,1197.00,,77.00,,1015,,1580,1580,,,2780,2,8,8,1200,540,5,5,,BENZYNA,,,5.10,,1282,N,,,T,SEAT S.A.,002580002002412,,1449,1445.0,1441,,1,0306000,,,,KUJAWSKO-POMORSKIE,GRUDZIĄDZ,GRUDZIĄDZ,KUJAWSKO-POMORSKIE,GRUDZIĄDZ,GRUDZIĄDZ,2015-01-22,2019-03-15,2019-03-15,04,04,119.0,
82981613318272,AUDI,,---,A6 3.0 TDI,---,---,SAMOCHÓD OSOBOWY,KARETA (SEDAN),---,UŻYW. ZAKUPIONY W KRAJU,ORYGINALNA,2004,FABRYCZNY,2004-08-09,2019-03-13,2004-08-09,2967.00,,165.00,,1840,,2345,2345,505,,4305,2,13,13,1900,750,5,5,,OLEJ NAPĘDOWY,,,,,,N,,,N,,002140003000000,,,,,,9,03,,,,KUJAWSKO-POMORSKIE,TORUŃ,TORUŃ,,,,2009-05-20,2019-03-15,2019-03-15,,04,,
13375033983928,,,,,,,PRZYCZEPY CIĘŻAROWE UNIWE,O LADOWNOSCI DO 8T,,,,1987,,1987-05-27,2000-07-08,,,,,,,,,,,,,,,,,,,,,,,,,,,B,,,B,,,,,,,,,,2000-07-08,,2017-10-17,KUJAWSKO-POMORSKIE,,,,,,1987-05-27,2019-03-15,2019-03-15,,04,,
1805236727004,ROMET MOTORS,2,B1,,00,00,MOTOROWER,---,---,NOWY ZAKUPIONY W KRAJU,ORYGINALNA,2009,FABRYCZNY,2010-10-06,2010-10-06,,49.00,0.0272,2.50,,92,,242,,,,,2,2,2,,,2,2,,BENZYNA,,,,,,N,,,T,,042470000000049,,,,,,1,0100000,,,,KUJAWSKO-POMORSKIE,TORUŃ,TORUŃ,KUJAWSKO-POMORSKIE,TORUŃSKI,LUBICZ,2010-10-06,2019-03-15,2019-03-15,04,04,,
72572279928593,BMW,11111111,---,318 I,---,---,SAMOCHÓD OSOBOWY,KARETA (SEDAN),---,UŻYW. IMPORT INDYW,ORYGINALNA,2000,FABRYCZNY,2000-02-04,2013-01-29,2000-02-04,1895.00,,87.00,,1285,,1785,1785,,,3185,2,10,10,1400,680,5,5,,BENZYNA,,,,,,N,,N,B,,002160434000000,,,,,,9,03,,,,KUJAWSKO-POMORSKIE,BYDGOSZCZ,BYDGOSZCZ,,,,2013-01-29,2019-03-15,2019-03-15,,04,,
54789974538952,VOLKSWAGEN,11111111,---,GOLF,---,---,SAMOCHÓD OSOBOWY,HATCHBACK,---,UŻYW. ZAKUPIONY W KRAJU,ORYGINALNA,1992,FABRYCZNY,1992-06-11,2018-06-21,1992-06-11,1391.00,,44.00,,960,,1470,1470,510,,,2,,,800,,5,5,,BENZYNA,GAZ PŁYNNY (PROPAN-BUTAN),,,,,N,,N,N,,002170020000000,,,,,,9,03,2018-09-26,PRZEKAZANIE POJAZDU DO DEMONTAŻU,2018-09-26,KUJAWSKO-POMORSKIE,ALEKSANDROWSKI,ALEKSANDRÓW KUJAWSKI,,,,2004-07-09,2019-03-15,2019-03-15,,04,,
23529570970579,AUDI,,,80,,,SAMOCHÓD OSOBOWY,KARETA (SEDAN),---,UŻYW. ZAKUPIONY W KRAJU,ORYGINALNA,1989,FABRYCZNY,1990-05-15,2003-01-20,,1760.00,,,,1030,,1490,1490,,,,2,12,12,1200,560,5,5,,BENZYNA,GAZ PŁYNNY (PROPAN-BUTAN),,,,,T,,,N,,,,,,,,,,,,,KUJAWSKO-POMORSKIE,INOWROCŁAWSKI,INOWROCŁAW,KUJAWSKO-POMORSKIE,INOWROCŁAWSKI,INOWROCŁAW,1990-05-15,2019-03-15,2019-03-15,04,04,,
637403526718025,VOLKSWAGEN,13,5N,TIGUAN,ACCBABX1,AM6AM6A6006NDST7MB,SAMOCHÓD OSOBOWY,KOMBI,---,UŻYW. IMPORT INDYW,ORYGINALNA,2008,FABRYCZNY,2008-09-03,2019-06-19,2008-09-03,1968.00,,103.00,,1590,,2240,2240,,,4440,2,11,11,2200,750,5,5,,OLEJ NAPĘDOWY,,,6.90,,,N,,N,B,VOLKSWAGEN AG,002170124000081,,,,,,1,0303000,,,,KUJAWSKO-POMORSKIE,RADZIEJOWSKI,RADZIEJÓW,,,,2019-06-19,2019-07-09,2019-10-01,,04,182.0,
43553755638417,BORO,25,B1,,X07BZ,V,PRZYCZEPA LEKKA,CIĘŻAROWA,---,NOWY ZAKUPIONY W KRAJU,ORYGINALNA,2013,FABRYCZNY,2013-05-13,2013-05-13,,,,,,110,,750,750,640,,,1,7,7,,,,,,,,,,,,N,,,B,,037930047000410,,,,,,1,1001000,,,,KUJAWSKO-POMORSKIE,GOLUBSKO-DOBRZYŃSKI,GOLUB-DOBRZYŃ,KUJAWSKO-POMORSKIE,GOLUBSKO-DOBRZYŃSKI,RADOMIN,2013-05-13,2019-03-15,2019-03-15,04,04,,
6634834152347036,BMW,13,F2X,X2 SDRIVE18D,YK51,CAW500L0,SAMOCHÓD OSOBOWY,KOMBI,---,NOWY ZAKUPIONY W KRAJU,ORYGINALNA,2018,FABRYCZNY,2019-01-29,2019-01-29,,1995.00,,110.00,,1535,,2115,2115,,,3915,2,11,11,1800,750,5,5,,OLEJ NAPĘDOWY,,,4.60,,1282,N,,N,B,BAYERISCHE MOTOREN WERKE AG,002160337000009,,1563,1562.0,1562,,1,0303000,,,,KUJAWSKO-POMORSKIE,xxxxxxxxx,xxxxxxxxx,,xxxxxxxxx,xxxxxxxxx,2019-01-29,2019-03-15,2019-03-15,,04,121.0,
90532661789046,MZ,,,ETZ 150,,,MOTOCYKL,---,---,UŻYW. ZAKUPIONY W KRAJU,ORYGINALNA,1990,FABRYCZNY,1990-08-16,2004-09-10,,143.00,0.0000,1.00,,120,,290,0,1,,0,2,1,1,0,0,2,2,0,BENZYNA,,,,,,N,,,N,,,,,,,,,,,,,KUJAWSKO-POMORSKIE,TORUŃ,TORUŃ,KUJAWSKO-POMORSKIE,TORUŃSKI,CHEŁMŻA,1990-08-16,2019-03-15,2019-03-15,04,04,,
47157116499068,VOLKSWAGEN,11111111,---,GOLF PLUS,---,---,SAMOCHÓD OSOBOWY,HATCHBACK,---,UŻYW. IMPORT INDYW,ORYGINALNA,2007,FABRYCZNY,2007-05-29,2018-11-28,2007-05-29,1896.00,,77.00,,1470,,2000,2000,,,3400,2,,,1400,730,5,5,,OLEJ NAPĘDOWY,,,,,,N,,N,N,,002170151000000,,,,,,9,03,,,,KUJAWSKO-POMORSKIE,BRODNICKI,BRODNICA,,,,2013-12-19,2019-03-15,2019-03-15,,04,,
5549373914576,HONDA,,,AF 32 BALI,,,MOTOROWER,---,---,UŻYW. IMPORT INDYW,ORYGINALNA,1997,FABRYCZNY,1997-08-01,2007-05-02,1997-08-01,49.00,0.0389,3.77,,97,,201,201,,,,2,3,3,,,1,1,,BENZYNA,,,,,,N,,,N,,,,,,,,,,,,,KUJAWSKO-POMORSKIE,BRODNICKI,BRODNICA,KUJAWSKO-POMORSKIE,BRODNICKI,JABŁONOWO POMORSKIE,2007-05-02,2019-03-15,2019-03-15,04,04,,
33846547475763,POLSKI FIAT,,,125P 1500,,,SAMOCHÓD OSOBOWY,---,---,UŻYW. ZAKUPIONY W KRAJU,ORYGINALNA,1978,FABRYCZNY,1978-06-19,2001-11-29,,1481.00,,1.00,,1050,,1450,,1,,,2,1,1,,,5,5,,,,,,,,N,,,N,,,,,,,,,,,,,KUJAWSKO-POMORSKIE,MOGILEŃSKI,MOGILNO,KUJAWSKO-POMORSKIE,MOGILEŃSKI,MOGILNO,1978-06-19,2019-03-15,2019-03-15,04,04,,
59432613179520,ZAZ,,,ZAPOROZEC 968,,,SAMOCHÓD OSOBOWY,---,---,NOWY ZAKUPIONY W KRAJU,NIEOKRESLONA,1974,FABRYCZNY,1978-01-19,1997-01-17,,1197.00,,,,840,,1200,,,,,,7,7,,,4,4,,,,,,,,B,,,B,,,,,,,,,,,,,KUJAWSKO-POMORSKIE,BYDGOSZCZ,BYDGOSZCZ,KUJAWSKO-POMORSKIE,BYDGOSZCZ,BYDGOSZCZ,1978-01-19,2019-03-15,2019-03-15,04,04,,
516768191026377,VOLVO,13,F,V60,FWA8,FWA8CD@@,SAMOCHÓD OSOBOWY,KOMBI,---,NOWY ZAKUPIONY W KRAJU,ORYGINALNA,2016,FABRYCZNY,2018-06-29,2018-06-29,,1969.00,,140.00,,1669,,2200,2200,,,4000,2,,,1800,750,5,5,,OLEJ NAPĘDOWY,,,4.40,,1282,N,,N,N,VOLVO CAR CORPORATION,002290224000219,,1588,1586.0,1585,,1,0303000,,,,KUJAWSKO-POMORSKIE,BYDGOSZCZ,BYDGOSZCZ,,,,2018-06-29,2019-03-15,2019-03-15,,04,116.0,
73277525009557,,,,POLSKI FIAT 126P 650,,,SAMOCHÓD OSOBOWY,INNY,---,UŻYW. ZAKUPIONY W KRAJU,NIEOKRESLONA,1989,FABRYCZNY,1989-04-05,2004-05-05,,652.00,,,,600,,920,,,,,,6,6,,,4,4,,,,,,,,B,,,B,,,,,,,,,,,,,KUJAWSKO-POMORSKIE,LIPNOWSKI,LIPNO,KUJAWSKO-POMORSKIE,LIPNOWSKI,KIKÓŁ,1989-04-05,2019-03-15,2019-03-15,04,04,,
41320130326297,VOLKSWAGEN,,---,POLO 1.3 KAT,---,---,SAMOCHÓD OSOBOWY,HATCHBACK,---,UŻYW. ZAKUPIONY W KRAJU,ORYGINALNA,1991,FABRYCZNY,1991-02-01,2013-01-03,1991-02-01,1272.00,,40.00,,785,,1230,1230,,,,2,6,6,650,410,5,5,,BENZYNA,,,,,,N,,,T,,002170000000000,,,,,,9,03,2017-01-02,PRZEKAZANIE POJAZDU DO DEMONTAŻU,2017-10-17,KUJAWSKO-POMORSKIE,INOWROCŁAWSKI,INOWROCŁAW,KUJAWSKO-POMORSKIE,INOWROCŁAWSKI,JANIKOWO,2007-01-12,2019-03-15,2019-03-15,04,04,,
77687423065530,MERCEDES-BENZ,,---,VITO 115 CDI,---,---,SAMOCHÓD CIĘŻAROWY,FURGON,UNIWERSALNY,UŻYW. ZAKUPIONY W KRAJU,ORYGINALNA,2004,FABRYCZNY,2004-06-21,2008-09-30,2004-06-21,2148.00,,110.00,,2040,,2770,2770,730,,,2,14,14,2500,750,6,6,,OLEJ NAPĘDOWY,,,,,,T,,,N,,003470023000000,,,,,,9,06,,,,KUJAWSKO-POMORSKIE,INOWROCŁAWSKI,INOWROCŁAW,KUJAWSKO-POMORSKIE,INOWROCŁAWSKI,INOWROCŁAW,2005-01-13,2019-03-15,2019-03-15,04,04,,
97731959947714,DAEWOO,,---,TICO,---,---,SAMOCHÓD OSOBOWY,HATCHBACK,---,UŻYW. ZAKUPIONY W KRAJU,ORYGINALNA,1998,FABRYCZNY,1998-09-17,2015-12-04,,796.00,,30.00,,640,,1015,,,,,2,5,5,,,5,5,,BENZYNA,,,,,,N,,,N,,002020002000000,,,,,,9,03,,,,KUJAWSKO-POMORSKIE,TUCHOLSKI,TUCHOLA,KUJAWSKO-POMORSKIE,TUCHOLSKI,LUBIEWO,1998-09-17,2019-03-15,2019-03-15,04,04,,
10501203923432,BMW,,---,3B,---,---,SAMOCHÓD OSOBOWY,COUPE,---,UŻYW. IMPORT INDYW,ORYGINALNA,1995,FABRYCZNY,1995-12-14,2012-03-20,1995-12-14,1596.00,,75.00,,1190,,1650,1650,,,2900,2,10,10,1250,630,5,5,,BENZYNA,,,,,,N,,,N,,002160112000000,,,,,,9,03,2017-02-09,PRZEKAZANIE POJAZDU DO DEMONTAŻU,2017-10-17,KUJAWSKO-POMORSKIE,ŚWIECKI,ŚWIECIE,KUJAWSKO-POMORSKIE,BYDGOSKI,OSIELSKO,2012-03-20,2019-03-15,2019-03-15,04,04,,
18483589520870,URSUS,,,C 360,,,CIĄGNIK ROLNICZY,KOŁOWY,---,UŻYW. ZAKUPIONY W KRAJU,NIEOKRESLONA,1979,FABRYCZNY,1979-04-13,2001-11-27,,3120.00,,,,2125,,2955,,10500,,,2,,,,,1,1,,INNE,,,,,,B,,,B,,,,,,,,,,,,,KUJAWSKO-POMORSKIE,RYPIŃSKI,RYPIN,KUJAWSKO-POMORSKIE,RYPIŃSKI,BRZUZE,1979-04-13,2019-03-15,2019-03-15,04,04,,
76563162772904,SUZUKI,11111111,---,SWIFT,---,---,SAMOCHÓD OSOBOWY,HATCHBACK,---,UŻYW. ZAKUPIONY W KRAJU,ORYGINALNA,1997,FABRYCZNY,1997-12-24,2012-12-31,,998.00,,39.00,,820,,1250,1250,,,2050,2,,,800,320,5,5,,BENZYNA,,,,,,N,,N,N,,001620012000000,,,,,,9,03,,,,KUJAWSKO-POMORSKIE,ŚWIECKI,ŚWIECIE,,,,1997-12-24,2019-03-15,2019-03-15,,04,,
75519780284288,CITROEN,,,VISA 1.1,,,SAMOCHÓD OSOBOWY,---,---,NOWY ZAKUPIONY W KRAJU,NIEOKRESLONA,1979,FABRYCZNY,1982-01-26,1996-11-10,,1124.00,,,,800,,,,,,,,,,,,5,5,,,,,,,,B,,,B,,,,,,,,,,,,,KUJAWSKO-POMORSKIE,BYDGOSZCZ,BYDGOSZCZ,KUJAWSKO-POMORSKIE,BYDGOSZCZ,BYDGOSZCZ,1982-01-26,2019-03-15,2019-03-15,04,04,,
42526228174829,FSO-WARSZAWA,,,POLONEZ 1.5,,,SAMOCHÓD OSOBOWY,---,---,UŻYW. ZAKUPIONY W KRAJU,ORYGINALNA,1987,FABRYCZNY,1987-05-18,2003-12-03,,1481.00,,1.00,,1125,,1550,,1,,,2,1,1,,,5,5,,,,,,,,T,,,N,,,,,,,,,,,,,KUJAWSKO-POMORSKIE,WĄBRZESKI,WĄBRZEŹNO,KUJAWSKO-POMORSKIE,WĄBRZESKI,PŁUŻNICA,1987-05-18,2019-03-15,2019-03-15,04,04,,
1400079223264,,,,POLSKI FIAT 126P 650,,,SAMOCHÓD OSOBOWY,---,---,UŻYW. ZAKUPIONY W KRAJU,ORYGINALNA,1989,FABRYCZNY,1989-07-17,2004-06-21,,652.00,,1.00,,600,,920,,1,,,2,1,1,,,4,4,,BENZYNA,,,,,,T,,,B,,,,,,,,,,,,,KUJAWSKO-POMORSKIE,BYDGOSZCZ,BYDGOSZCZ,KUJAWSKO-POMORSKIE,BYDGOSKI,KORONOWO,1989-07-17,2019-03-15,2019-03-15,04,04,,
69720737664519,ROMET MOTORS,2,,HT50QT-9,,,MOTOROWER,---,---,NOWY ZAKUPIONY W KRAJU,ORYGINALNA,2014,FABRYCZNY,2014-07-22,2014-07-22,,49.40,0.0214,2.20,,103,,253,,,,,2,2,2,,,2,2,,BENZYNA,,,,,,N,,,T,,,,,,,,,,,,,KUJAWSKO-POMORSKIE,ALEKSANDROWSKI,ALEKSANDRÓW KUJAWSKI,KUJAWSKO-POMORSKIE,ALEKSANDROWSKI,CIECHOCINEK,2014-07-22,2019-03-15,2019-03-15,04,04,,
88834550615528,DAIHATSU,,,APPLAUSE 1.6KAT,,,SAMOCHÓD OSOBOWY,HATCHBACK,---,UŻYW. IMPORT INDYW,ORYGINALNA,1990,FABRYCZNY,1991-01-15,2008-03-13,1991-01-15,1590.00,,77.00,,930,,1420,1420,,,,2,8,8,1000,,5,5,,BENZYNA,GAZ PŁYNNY (PROPAN-BUTAN),,,,,N,,,T,,,,,,,,,,,,,KUJAWSKO-POMORSKIE,BYDGOSZCZ,BYDGOSZCZ,KUJAWSKO-POMORSKIE,BYDGOSZCZ,BYDGOSZCZ,2004-06-07,2019-03-15,2019-03-15,04,04,,
16050788945475,RENAULT,,---,"MEGANE II 1,9 DCI",---,---,SAMOCHÓD OSOBOWY,HATCHBACK,---,UŻYW. IMPORT INDYW,ORYGINALNA,2004,FABRYCZNY,2004-06-16,2016-06-09,2004-06-16,1870.00,,88.00,,1270,,1820,1820,550,,2850,2,11,11,1030,450,5,5,,OLEJ NAPĘDOWY,,,,,,N,,,N,,002260008000000,,,,,,9,03,,,,KUJAWSKO-POMORSKIE,BRODNICKI,BRODNICA,KUJAWSKO-POMORSKIE,BRODNICKI,BRODNICA,2007-03-21,2019-03-15,2019-03-15,04,04,,
6221365327979,OPEL,13,S-D,CORSA,KN11,1A06D5B2DKA5,SAMOCHÓD OSOBOWY,WIELOZADANIOWY,---,NOWY ZAKUPIONY W KRAJU,ORYGINALNA,2014,FABRYCZNY,2015-01-16,2015-01-16,,1229.00,,63.00,,1088,,1625,1625,,,2395,2,8,8,750,500,5,5,,BENZYNA,GAZ PŁYNNY (PROPAN-BUTAN),,5.50,,1282,N,,,T,ADAM OPEL AG,002240002008389,,1485,1481.0,1478,,1,0306000,,,,KUJAWSKO-POMORSKIE,CHEŁMIŃSKI,CHEŁMNO,KUJAWSKO-POMORSKIE,CHEŁMIŃSKI,UNISŁAW,2015-01-16,2019-03-15,2019-03-15,04,04,129.0,
96258167102940,BMW,,---,318 I,---,---,SAMOCHÓD OSOBOWY,KOMBI,---,UŻYW. ZAKUPIONY W KRAJU,ORYGINALNA,1999,FABRYCZNY,1999-03-26,2017-10-27,1999-03-26,1796.00,,85.00,,1355,,1780,1780,,,,2,10,10,1400,640,5,5,,BENZYNA,GAZ PŁYNNY (PROPAN-BUTAN),,,,,N,,,N,,002160009000000,,,,,,9,03,,,,KUJAWSKO-POMORSKIE,ŻNIŃSKI,ŻNIN,KUJAWSKO-POMORSKIE,ŻNIŃSKI,BARCIN,2015-02-05,2019-03-15,2019-03-15,04,04,,
61067782894447,AUDI,,,80 1.6,,,SAMOCHÓD OSOBOWY,HATCHBACK,---,UŻYW. ZAKUPIONY W KRAJU,NIEOKRESLONA,1983,FABRYCZNY,1991-10-01,2003-05-26,,1588.00,,,,0,,1410,,,,,2,8,8,,,5,5,,,,,,,,T,,,B,,,,,,,,,,,,,KUJAWSKO-POMORSKIE,BYDGOSZCZ,BYDGOSZCZ,KUJAWSKO-POMORSKIE,BYDGOSZCZ,BYDGOSZCZ,1991-10-01,2019-03-15,2019-03-15,04,04,,
83123607388441,VOLKSWAGEN,,---,PASSAT,---,---,SAMOCHÓD OSOBOWY,INNY,---,UŻYW. ZAKUPIONY W KRAJU,ORYGINALNA,1988,FABRYCZNY,1991-04-18,2008-10-07,,1576.00,,53.00,,1230,,1230,1230,,,,2,9,9,1000,500,5,5,,BENZYNA,GAZ PŁYNNY (PROPAN-BUTAN),,,,,N,,,N,,002170008000000,,,,,,9,03,,,,KUJAWSKO-POMORSKIE,GRUDZIĄDZ,GRUDZIĄDZ,WARMIŃSKO-MAZURSKIE,OLSZTYŃSKI,BARCZEWO,1991-04-18,2019-03-15,2019-03-15,28,04,,
14179092155284,,,,POLSKI FIAT 126P 650,,,SAMOCHÓD OSOBOWY,---,---,UŻYW. ZAKUPIONY W KRAJU,ORYGINALNA,1989,SKŁADAK,1989-07-28,2002-11-26,,652.00,0.0000,1.00,,600,,920,0,1,,0,2,1,1,0,0,4,4,0,BENZYNA,,,,,,N,,,N,,,,,,,,,,2006-10-04,PRZEKAZANIE POJAZDU DO DEMONTAŻU,2017-10-17,KUJAWSKO-POMORSKIE,MOGILEŃSKI,MOGILNO,KUJAWSKO-POMORSKIE,MOGILEŃSKI,MOGILNO,1989-07-28,2019-03-15,2019-03-15,04,04,,
20166345403943,AUDI,,,80 16,,,SAMOCHÓD OSOBOWY,---,---,UŻYW. ZAKUPIONY W KRAJU,ORYGINALNA,1982,FABRYCZNY,1989-04-22,1999-01-05,,1588.00,,1.00,,900,,1275,,1,,,2,1,1,,,5,5,,BENZYNA,,,,,,N,,,B,,,,,,,,,,,,,KUJAWSKO-POMORSKIE,ŚWIECKI,ŚWIECIE,KUJAWSKO-POMORSKIE,ŚWIECKI,NOWE,1989-04-22,2019-03-15,2019-03-15,04,04,,
99234452197319,ROMET,,,KOMAR,,,MOTOROWER,---,---,UŻYW. ZAKUPIONY W KRAJU,NIEOKRESLONA,1984,FABRYCZNY,1984-06-14,2004-03-22,,50.00,,,,0,,173,,,,,2,,,,,1,1,,,,,,,,B,,,B,,,,,,,,,,,,,KUJAWSKO-POMORSKIE,BYDGOSZCZ,BYDGOSZCZ,KUJAWSKO-POMORSKIE,BYDGOSZCZ,BYDGOSZCZ,1984-06-14,2019-03-15,2019-03-15,04,04,,
32415837105511,FIAT,19,250,DUCATO,BMMFC,EY,SAMOCHÓD CIĘŻAROWY,VAN,---,NOWY ZAKUPIONY W KRAJU,ORYGINALNA,2012,FABRYCZNY,2012-11-29,2015-11-09,,2287.00,,96.00,,2175,,3300,3300,1125,,5800,2,19,19,2500,750,7,7,,OLEJ NAPĘDOWY,,,7.40,,1282,T,,,T,,002800007002780,,0,0.0,0,,1,0611000,,,,KUJAWSKO-POMORSKIE,BYDGOSZCZ,BYDGOSZCZ,KUJAWSKO-POMORSKIE,BYDGOSZCZ,BYDGOSZCZ,2012-11-29,2019-03-15,2019-03-15,04,04,195.0,
65289683199411,WSK,,,125,,,MOTOCYKL,---,---,UŻYW. ZAKUPIONY W KRAJU,ORYGINALNA,1979,FABRYCZNY,1979-08-09,2004-11-05,,123.00,0.0000,1.00,,125,,260,0,1,,0,2,1,1,0,0,2,2,0,BENZYNA,,,,,,N,,,N,,,,,,,,,,2004-11-05,KRADZIEŻ POJAZDU   ,2017-10-17,KUJAWSKO-POMORSKIE,NAKIELSKI,NAKŁO NAD NOTECIĄ,KUJAWSKO-POMORSKIE,NAKIELSKI,SADKI,1979-08-09,2019-03-15,2019-03-15,04,04,,
56059633049112,VOLKSWAGEN,11111111,---,TRANSPORTER,---,---,SAMOCHÓD CIĘŻAROWY,SKRZYNIA,---,UŻYW. ZAKUPIONY W KRAJU,ORYGINALNA,1994,FABRYCZNY,1994-01-21,2005-01-19,1994-01-21,2370.00,,57.00,,1581,,2590,2590,1009,,4500,2,,,1910,700,6,6,,OLEJ NAPĘDOWY,,,,,,T,,N,N,,002170005000000,,,,,,9,06,,,,KUJAWSKO-POMORSKIE,TORUŃ,TORUŃ,,,,2004-12-30,2019-03-15,2019-03-15,,04,,
60640550224550,OPEL,13,---,"ASTRA 1,4 KAT.",---,---,SAMOCHÓD OSOBOWY,---,---,NOWY ZAKUPIONY W KRAJU,ORYGINALNA,1995,FABRYCZNY,1995-07-19,2005-01-17,,1388.00,,60.00,,985,,1485,1485,,,,2,8,8,1000,520,5,5,,BENZYNA,,,,,,N,,,T,,002240001000000,,,,,,9,03,,,,KUJAWSKO-POMORSKIE,TORUŃ,TORUŃ,KUJAWSKO-POMORSKIE,TORUŃ,TORUŃ,1995-07-19,2019-03-15,2019-03-15,04,04,,
612824871403821,SAM,,---,,---,---,PRZYCZEPA LEKKA,PODŁODZIOWA,---,UŻYW. ZAKUPIONY W KRAJU,ORYGINALNA,2013,SAM,2013-03-06,2016-04-27,,,,,,140,,600,,460,,,1,6,6,,,,,,,,,,,,N,,,B,,009990009000000,,,,,,9,10,,,,KUJAWSKO-POMORSKIE,WĄBRZESKI,WĄBRZEŹNO,,,,2013-03-06,2019-07-09,2019-10-01,,04,,
43399505966820,CITROEN,13,P*****,C1 1.0I,PNCFA*,PNCFAC,SAMOCHÓD OSOBOWY,HATCHBACK,---,UŻYW. ZAKUPIONY W KRAJU,ORYGINALNA,2006,FABRYCZNY,2006-12-14,2016-11-14,,998.00,,50.00,,805,,1190,1190,,,1190,2,7,7,,,4,4,,BENZYNA,,,,,,N,,,T,,002350057000016,,,,,,1,0302000,,,,KUJAWSKO-POMORSKIE,GRUDZIĄDZ,GRUDZIĄDZ,KUJAWSKO-POMORSKIE,GRUDZIĄDZKI,ŁASIN,2006-12-14,2019-03-15,2019-03-15,04,04,109.0,
7870802041533,OPEL,,,ASTRA G 1.6 KAT,,,SAMOCHÓD OSOBOWY,HATCHBACK,---,UŻYW. ZAKUPIONY W KRAJU,ORYGINALNA,2002,FABRYCZNY,2002-10-15,2007-05-22,,1598.00,,74.00,,1130,,1670,1670,,,,2,9,9,1150,,5,5,,BENZYNA,,,,,,N,,,T,,,,,,,,,,,,,KUJAWSKO-POMORSKIE,BYDGOSZCZ,BYDGOSZCZ,KUJAWSKO-POMORSKIE,BYDGOSKI,KORONOWO,2002-10-15,2019-03-15,2019-03-15,04,04,,
17950791372213,,,,POLSKI FIAT 126P 650,,,SAMOCHÓD OSOBOWY,---,---,UŻYW. ZAKUPIONY W KRAJU,NIEOKRESLONA,1979,FABRYCZNY,1979-01-01,2002-11-22,,652.00,0.0000,0.00,,600,,920,0,0,,0,2,0,0,0,0,4,4,0,BENZYNA,,,,,,B,,,B,,,,,,,,,,,,,KUJAWSKO-POMORSKIE,RADZIEJOWSKI,RADZIEJÓW,KUJAWSKO-POMORSKIE,RADZIEJOWSKI,OSIĘCINY,1979-01-01,2019-03-15,2019-03-15,04,04,,
34710885325443,VOLKSWAGEN,,---,PASSAT,---,---,SAMOCHÓD OSOBOWY,KOMBI,---,UŻYW. IMPORT INDYW,ORYGINALNA,1991,FABRYCZNY,1991-07-12,2011-04-20,1991-07-12,1781.00,,66.00,,1155,,1700,1700,,,,2,9,9,1200,550,5,5,,BENZYNA,GAZ PŁYNNY (PROPAN-BUTAN),,,,,T,,,N,,002170008000000,,,,,,9,03,2015-08-31,PRZEKAZANIE POJAZDU DO DEMONTAŻU,2017-10-17,KUJAWSKO-POMORSKIE,ALEKSANDROWSKI,ALEKSANDRÓW KUJAWSKI,KUJAWSKO-POMORSKIE,ALEKSANDROWSKI,CIECHOCINEK,2007-05-15,2019-03-15,2019-03-15,04,04,,
76031290803926,VOLVO,,---,FH12 4X2T,---,---,CIĄGNIK SAMOCHODOWY,SIODŁOWY,---,UŻYW. IMPORT INDYW,ORYGINALNA,2002,FABRYCZNY,2002-03-30,2008-02-11,2002-03-30,12130.00,,338.00,,7588,,18000,18000,,,,2,115,115,,,2,2,,OLEJ NAPĘDOWY,,,,,,N,,,N,,002290012000000,,,,,,9,08,,,,KUJAWSKO-POMORSKIE,ŻNIŃSKI,ŻNIN,KUJAWSKO-POMORSKIE,ŻNIŃSKI,ŁABISZYN,2008-02-11,2019-03-15,2019-03-15,04,04,,
39677861457162,HONDA,13,FB8,CIVIC 4D,2,2,SAMOCHÓD OSOBOWY,KARETA (SEDAN),---,UŻYW. ZAKUPIONY W KRAJU,ORYGINALNA,2014,FABRYCZNY,2014-11-28,2016-09-23,,1798.00,,104.00,,1224,,1680,1680,,,2880,2,9,9,1200,500,5,5,,BENZYNA,,,6.70,,1282,N,,,T,,001110003000422,,1530,1517.0,1505,,1,0301000,,,,KUJAWSKO-POMORSKIE,BYDGOSZCZ,BYDGOSZCZ,KUJAWSKO-POMORSKIE,BYDGOSZCZ,BYDGOSZCZ,2014-11-28,2019-03-15,2019-03-15,04,04,156.0,
3872479756015,AUDI,11111111,---,A8,---,---,SAMOCHÓD OSOBOWY,KARETA (SEDAN),---,UŻYW. ZAKUPIONY W KRAJU,ORYGINALNA,2005,FABRYCZNY,2005-04-14,2018-03-28,2005-04-14,2967.00,,155.00,,2000,,2430,2430,,,4680,2,,,2250,750,5,5,,OLEJ NAPĘDOWY,,,,,,N,,N,N,,002140006000000,,,,,,9,03,,,,KUJAWSKO-POMORSKIE,BYDGOSZCZ,BYDGOSZCZ,,,,2017-04-13,2019-03-15,2019-03-15,,04,,
90849298872981,REISCH,,,RHKS-35/24 AL,,,NACZEPA CIĘŻAROWA,SKRZYNIA,---,UŻYW. ZAKUPIONY W KRAJU,ORYGINALNA,1996,FABRYCZNY,1996-11-26,2009-02-27,1996-11-26,,,,,0,,34700,,28800,,,3,80,80,,,,,,,,,,,,N,,,B,,,,,,,,,,,,,KUJAWSKO-POMORSKIE,LIPNOWSKI,LIPNO,KUJAWSKO-POMORSKIE,LIPNOWSKI,CHROSTKOWO,1999-12-06,2019-03-15,2019-03-15,04,04,,
63568445836271,VOLKSWAGEN,11111111,---,TIGUAN,---,---,SAMOCHÓD OSOBOWY,KOMBI,---,UŻYW. IMPORT INDYW,ORYGINALNA,2015,FABRYCZNY,2015-04-13,2018-12-03,2015-04-13,1968.00,,81.00,,1548,,2080,2080,,,3935,2,11,11,1800,750,5,5,,OLEJ NAPĘDOWY,,,,,,N,,N,N,,002170124000000,,,,,,9,03,,,,KUJAWSKO-POMORSKIE,BYDGOSZCZ,BYDGOSZCZ,,,,2018-12-03,2019-03-15,2019-03-15,,04,,
20971453156687,OPEL,,,REKORD E,,,SAMOCHÓD OSOBOWY,---,---,UŻYW. ZAKUPIONY W KRAJU,NIEOKRESLONA,1980,FABRYCZNY,1991-02-19,2003-09-22,,1979.00,,,,1200,,1600,,,,,2,9,9,,,5,5,,,,,,,,B,,,B,,,,,,,,,,,,,KUJAWSKO-POMORSKIE,RADZIEJOWSKI,RADZIEJÓW,KUJAWSKO-POMORSKIE,RADZIEJOWSKI,OSIĘCINY,1991-02-19,2019-03-15,2019-03-15,04,04,,
4728831050785,ROMET,,---,OGAR,---,---,MOTOROWER,---,---,UŻYW. ZAKUPIONY W KRAJU,ORYGINALNA,1986,FABRYCZNY,1987-01-26,2013-04-16,,50.00,0.0250,1.30,,52,,150,150,,,,2,2,2,,,2,2,0,BENZYNA,,,,,,N,,,N,,000380003000000,,,,,,9,01,,,,KUJAWSKO-POMORSKIE,ŻNIŃSKI,ŻNIN,KUJAWSKO-POMORSKIE,ŻNIŃSKI,GĄSAWA,1987-01-26,2019-03-15,2019-03-15,04,04,,
48079888728881,PEUGEOT,,,306,,,SAMOCHÓD OSOBOWY,KARETA (SEDAN),---,NOWY ZAKUPIONY W KRAJU,ORYGINALNA,1999,FABRYCZNY,1999-12-02,2009-11-20,,1587.00,,65.00,,1100,,1575,1575,,,2475,2,9,9,900,520,5,5,,BENZYNA,,,,,,N,,,T,,,,,,,,,,,,,KUJAWSKO-POMORSKIE,BYDGOSZCZ,BYDGOSZCZ,KUJAWSKO-POMORSKIE,BYDGOSZCZ,BYDGOSZCZ,1999-12-02,2019-03-15,2019-03-15,04,04,,
74535852962904,,,,MONDEO,,,SAMOCHÓD OSOBOWY,KARETA (SEDAN),---,UŻYW. ZAKUPIONY W KRAJU,ORYGINALNA,1998,FABRYCZNY,1998-12-30,2008-10-31,1998-12-30,1753.00,,,,1416,,2005,,,,,2,10,10,1250,,5,5,,OLEJ NAPĘDOWY,,,,,,N,,,N,,,,,,,,,,,,,KUJAWSKO-POMORSKIE,GRUDZIĄDZ,GRUDZIĄDZ,KUJAWSKO-POMORSKIE,GRUDZIĄDZ,GRUDZIĄDZ,2004-09-02,2019-03-15,2019-03-15,04,04,,
7866550552267,DAEWOO,,---,MATIZ 0.8 KAT,---,---,SAMOCHÓD OSOBOWY,HATCHBACK,---,NOWY ZAKUPIONY W KRAJU,ORYGINALNA,2001,FABRYCZNY,2001-05-24,2011-05-30,,796.00,,37.00,,851,,1210,1210,,,,2,6,6,,,5,5,,BENZYNA,,,,,,N,,,T,,002020010000000,,,,,,9,03,,,,KUJAWSKO-POMORSKIE,GRUDZIĄDZ,GRUDZIĄDZ,KUJAWSKO-POMORSKIE,GRUDZIĄDZ,GRUDZIĄDZ,2001-05-24,2019-03-15,2019-03-15,04,04,,
71774457029186,,,,POLSKI FIAT 126P 650,,,SAMOCHÓD OSOBOWY,HATCHBACK,---,UŻYW. ZAKUPIONY W KRAJU,ORYGINALNA,1992,SKŁADAK,1992-09-11,2004-06-03,,652.00,0.0000,0.00,,600,,920,920,0,,0,2,6,6,400,0,4,4,0,BENZYNA,,,,,,N,,,N,,,,,,,,,,,,,KUJAWSKO-POMORSKIE,NAKIELSKI,NAKŁO NAD NOTECIĄ,KUJAWSKO-POMORSKIE,NAKIELSKI,NAKŁO NAD NOTECIĄ,1992-09-11,2019-03-15,2019-03-15,04,04,,
39062166292711,FORD,13,DA3,FOCUS,HHDA1S,5KACMP,SAMOCHÓD OSOBOWY,KOMBI,---,UŻYW. ZAKUPIONY W KRAJU,ORYGINALNA,2010,FABRYCZNY,2010-03-31,2019-06-21,,1560.00,,66.00,,1311,,1880,1880,,,3080,2,10,10,1200,690,5,5,,OLEJ NAPĘDOWY,,,4.50,,,N,,N,B,FORD-WERKE GMBH,002180022002313,,,,,,1,0303000,,,,KUJAWSKO-POMORSKIE,BYDGOSZCZ,BYDGOSZCZ,,,,2010-03-31,2019-07-09,2019-10-01,,04,118.0,
72743557480852,FORD,,---,FOCUS 1.6,---,---,SAMOCHÓD OSOBOWY,HATCHBACK,---,UŻYW. ZAKUPIONY W KRAJU,ORYGINALNA,1999,FABRYCZNY,1999-09-01,2017-09-18,,1596.00,,74.00,,1077,,1590,,,,2790,2,8,8,1200,575,5,5,,BENZYNA,,,,,,N,,,N,,002180022000000,,1484,1480.0,1477,,9,03,,,,KUJAWSKO-POMORSKIE,ŚWIECKI,ŚWIECIE,KUJAWSKO-POMORSKIE,ŚWIECKI,ŚWIECIE,1999-09-01,2019-03-15,2019-03-15,04,04,,
56523624466250,IFA,,---,HL. 80,---,---,PRZYCZEPA CIĘŻAROWA ROLNICZA,WYWROTKA,---,UŻYW. ZAKUPIONY W KRAJU,ORYGINALNA,1982,FABRYCZNY,1982-08-26,2013-05-21,,,,,,4000,,12000,12000,8000,,,2,60,60,,,,,,,,,,,,N,,,B,,006660009000000,,,,,,9,15,,,,KUJAWSKO-POMORSKIE,INOWROCŁAWSKI,INOWROCŁAW,KUJAWSKO-POMORSKIE,INOWROCŁAWSKI,KRUSZWICA,1982-08-26,2019-03-15,2019-03-15,04,04,,
72290965680520,SAM,,,DWUKOŁOWA,,,PRZYCZEPA LEKKA,CIĘŻAROWA,---,NOWY ZAKUPIONY W KRAJU,NIEOKRESLONA,1993,FABRYCZNY,1994-03-16,1994-03-16,,,,,,520,,1270,,750,,,,,,,,,,,INNE,,,,,,B,,,B,,,,,,,,,,,,,KUJAWSKO-POMORSKIE,RYPIŃSKI,RYPIN,KUJAWSKO-POMORSKIE,RYPIŃSKI,BRZUZE,1994-03-16,2019-03-15,2019-03-15,04,04,,
18238695981310,PEUGEOT,,---,S1,---,---,MOTOROWER,---,---,UŻYW. IMPORT INDYW,ORYGINALNA,2003,FABRYCZNY,2011-06-28,2015-05-19,,49.00,0.0366,3.00,,82,,270,,188,,,2,1,1,,,2,2,,BENZYNA,,,,,,N,,,N,,002250099000000,,,,,,9,01,,,,KUJAWSKO-POMORSKIE,SĘPOLEŃSKI,SĘPÓLNO KRAJEŃSKIE,KUJAWSKO-POMORSKIE,SĘPOLEŃSKI,WIĘCBORK,2011-06-28,2019-03-15,2019-03-15,04,04,,
74944295872100,VOLKSWAGEN,,---,GOLF 1.4 KAT,---,---,SAMOCHÓD OSOBOWY,HATCHBACK,---,UŻYW. IMPORT INDYW,ORYGINALNA,2003,FABRYCZNY,2003-09-29,2017-08-22,2003-09-29,1390.00,,55.00,,1204,,1710,1710,506,,2710,2,9,9,1000,580,5,5,,BENZYNA,,,,,,N,,,N,,002170020000000,,,,,,9,03,,,,KUJAWSKO-POMORSKIE,ŚWIECKI,ŚWIECIE,KUJAWSKO-POMORSKIE,ŚWIECKI,LNIANO,2017-08-22,2019-03-15,2019-03-15,04,04,,
6116323794536,RENAULT,,---,MASTER,---,---,SAMOCHÓD CIĘŻAROWY,VAN,---,UŻYW. IMPORT INDYW,ORYGINALNA,2005,FABRYCZNY,2005-03-31,2014-03-18,2005-03-31,2463.00,,73.00,,1770,,2800,2800,1030,,4800,2,16,16,2000,750,3,3,,OLEJ NAPĘDOWY,,,,,,T,,,N,,002260010000000,,,,,,9,06,,,,KUJAWSKO-POMORSKIE,ŚWIECKI,ŚWIECIE,KUJAWSKO-POMORSKIE,ŚWIECKI,ŚWIECIE,2014-03-18,2019-03-15,2019-03-15,04,04,,
12247522445422,KYMCO,,---,AGILITY 50 MMC,---,---,MOTOROWER,---,---,UŻYW. ZAKUPIONY W KRAJU,ORYGINALNA,2008,FABRYCZNY,2012-04-20,2017-10-09,,49.00,0.0261,2.40,,92,,247,,,,,2,1,1,,,1,1,,BENZYNA,,,,,,N,,,N,,005730041000000,,,,,,9,01,,,,KUJAWSKO-POMORSKIE,INOWROCŁAWSKI,INOWROCŁAW,KUJAWSKO-POMORSKIE,INOWROCŁAWSKI,GNIEWKOWO,2012-04-20,2019-03-15,2019-03-15,04,04,,
20296348881139,FORD,,---,"MONDEO 2,0 16V",---,---,SAMOCHÓD OSOBOWY,KOMBI,---,UŻYW. ZAKUPIONY W KRAJU,ORYGINALNA,1995,FABRYCZNY,1995-06-26,2010-05-07,1995-06-26,1988.00,,100.00,,1315,,1975,1975,,,,2,10,10,1400,695,5,5,,BENZYNA,GAZ PŁYNNY (PROPAN-BUTAN),,,,,N,,,N,,002180003000000,,,,,,9,03,,,,KUJAWSKO-POMORSKIE,BYDGOSZCZ,BYDGOSZCZ,KUJAWSKO-POMORSKIE,BYDGOSZCZ,BYDGOSZCZ,2007-09-21,2019-03-15,2019-03-15,04,04,,
57627556121220,DAFIER,2,,,,,MOTOROWER,---,---,NOWY ZAKUPIONY W KRAJU,ORYGINALNA,2016,FABRYCZNY,2016-09-26,2016-09-26,,49.50,0.0248,2.80,,113,,263,,,,,2,2,2,,,2,2,,BENZYNA,,,,,,N,,,T,,,,,,,,,,,,,KUJAWSKO-POMORSKIE,CHEŁMIŃSKI,CHEŁMNO,KUJAWSKO-POMORSKIE,CHEŁMIŃSKI,CHEŁMNO,2016-09-26,2019-03-15,2019-03-15,04,04,,
75977426056611,HONDA,,---,CIVIC 1.5 KAT,---,---,SAMOCHÓD OSOBOWY,HATCHBACK,---,UŻYW. ZAKUPIONY W KRAJU,ORYGINALNA,1993,FABRYCZNY,1993-01-11,2015-11-06,1993-01-11,1493.00,,66.00,,1020,,1460,1460,,,,2,8,8,1000,410,5,5,,BENZYNA,,,,,,N,,,N,,001110003000000,,,,,,9,03,,,,KUJAWSKO-POMORSKIE,INOWROCŁAWSKI,INOWROCŁAW,KUJAWSKO-POMORSKIE,INOWROCŁAWSKI,ROJEWO,2004-12-17,2019-03-15,2019-03-15,04,04,,
18860025023782,VOLKSWAGEN,,---,"BORA 1,9 TDI",---,---,SAMOCHÓD OSOBOWY,KOMBI,---,UŻYW. IMPORT INDYW,ORYGINALNA,2000,FABRYCZNY,2001-04-05,2019-02-21,2001-04-05,1896.00,,85.00,,1425,,1880,1880,,,,2,10,10,1400,600,5,5,,OLEJ NAPĘDOWY,,,,,,T,,,N,,002170032000000,,,,,,9,03,,,,KUJAWSKO-POMORSKIE,WĄBRZESKI,WĄBRZEŹNO,,,,2009-08-27,2019-03-15,2019-03-15,,04,,
96353820350979,ZETOR,,---,5245,---,---,CIĄGNIK ROLNICZY,KOŁOWY,---,UŻYW. ZAKUPIONY W KRAJU,ORYGINALNA,1992,FABRYCZNY,1992-04-10,2017-07-04,1992-04-10,2696.00,,38.00,,3510,,5310,5310,,,,2,35,35,8775,1500,2,2,,OLEJ NAPĘDOWY,,,,,,N,,,N,,005020015000000,,,,,,9,09,,,,KUJAWSKO-POMORSKIE,WŁOCŁAWEK,WŁOCŁAWEK,KUJAWSKO-POMORSKIE,WŁOCŁAWSKI,FABIANKI,2011-06-07,2019-03-15,2019-03-15,04,04,,
83169185987265,JELCZ,,,W 640,,,SAMOCHÓD CIĘŻAROWY,WYWROTKA,---,UŻYW. ZAKUPIONY W KRAJU,ORYGINALNA,1981,FABRYCZNY,1981-01-10,2003-05-22,,11100.00,,1.00,,99999,,24000,,12000,,,2,80,80,,,2,2,,INNE,,,,,,N,,,N,,,,,,,,,,,,,KUJAWSKO-POMORSKIE,MOGILEŃSKI,MOGILNO,KUJAWSKO-POMORSKIE,MOGILEŃSKI,MOGILNO,1981-01-10,2019-03-15,2019-03-15,04,04,,
49789942618799,TABBERT,,,500 CAMPING,,,PRZYCZEPA SPECJALNA,---,KEMPINGOWA,UŻYW. IMPORT INDYW,NIEOKRESLONA,1972,FABRYCZNY,1972-03-27,2002-09-19,1972-03-27,,,,,0,,1200,,,,,1,12,12,,,,,,,,,,,,B,,,B,,,,,,,,,,,,,KUJAWSKO-POMORSKIE,BYDGOSZCZ,BYDGOSZCZ,KUJAWSKO-POMORSKIE,BYDGOSZCZ,BYDGOSZCZ,2002-04-19,2019-07-09,2019-10-01,04,04,,
6202180579409,FORD,,---,"FIESTA 1,4 TDCI",---,---,SAMOCHÓD OSOBOWY,KARETA (SEDAN),---,UŻYW. IMPORT INDYW,ORYGINALNA,2005,FABRYCZNY,2005-07-12,2011-07-18,2005-07-12,1399.00,,50.00,,1066,,1580,,,,,2,8,8,750,400,5,5,,OLEJ NAPĘDOWY,,,,,,N,,,N,,002180000000000,,,,,,9,03,,,,KUJAWSKO-POMORSKIE,INOWROCŁAWSKI,INOWROCŁAW,KUJAWSKO-POMORSKIE,INOWROCŁAWSKI,INOWROCŁAW,2011-07-18,2019-03-15,2019-03-15,04,04,,
88269191501255,RENAULT,,---,CLIO,---,---,SAMOCHÓD OSOBOWY,HATCHBACK,---,UŻYW. IMPORT INDYW,ORYGINALNA,2004,FABRYCZNY,2004-09-10,2008-07-11,2004-09-10,1461.00,,60.00,,1050,,1530,1530,,,2400,2,8,8,870,525,5,5,,OLEJ NAPĘDOWY,,,,,,N,,,N,,002260002000000,,,,,,9,03,2009-04-03,KRADZIEŻ POJAZDU   ,2017-10-17,KUJAWSKO-POMORSKIE,BYDGOSZCZ,BYDGOSZCZ,KUJAWSKO-POMORSKIE,BYDGOSZCZ,BYDGOSZCZ,2008-07-11,2019-03-15,2019-03-15,04,04,,
96012127179085,MAZDA,13,,CX-5,,,SAMOCHÓD OSOBOWY,KOMBI,---,NOWY ZAKUPIONY W KRAJU,ORYGINALNA,2016,FABRYCZNY,2016-05-17,2016-05-17,,2191.00,,110.00,,1553,,2050,2050,,,4050,2,11,11,2000,740,5,5,,OLEJ NAPĘDOWY,,,4.60,,1282,N,,,T,,,,1590,1587.0,1585,,,,,,,KUJAWSKO-POMORSKIE,TORUŃ,TORUŃ,KUJAWSKO-POMORSKIE,TORUŃSKI,OBROWO,2016-05-17,2019-03-15,2019-03-15,04,04,119.0,
84438165671242,,,,POLSKI FIAT 126P 650,,,SAMOCHÓD OSOBOWY,---,---,UŻYW. ZAKUPIONY W KRAJU,ORYGINALNA,1993,FABRYCZNY,1994-01-04,2006-08-25,,652.00,,,,600,,920,,,,,2,6,6,,,4,4,,BENZYNA,,,,,,N,,,N,,,,,,,,,,,,,KUJAWSKO-POMORSKIE,TORUŃ,TORUŃ,KUJAWSKO-POMORSKIE,TORUŃ,TORUŃ,1994-01-04,2019-03-15,2019-03-15,04,04,,
78350731470338,TOROS,2,WJ50,EL CLASICO,---,---,MOTOROWER,---,---,NOWY ZAKUPIONY W KRAJU,ORYGINALNA,2013,FABRYCZNY,2013-07-15,2013-07-15,,49.00,0.0350,2.80,,80,,235,,,,,2,2,2,,,2,2,,BENZYNA,,,,,,N,,,T,,057800036000003,,,,,,1,0100000,,,,KUJAWSKO-POMORSKIE,WŁOCŁAWEK,WŁOCŁAWEK,KUJAWSKO-POMORSKIE,WŁOCŁAWEK,WŁOCŁAWEK,2013-07-15,2019-03-15,2019-03-15,04,04,,
75260506320782,DACIA,11111111,---,SANDERO,---,---,SAMOCHÓD OSOBOWY,HATCHBACK,---,NOWY ZAKUPIONY W KRAJU,ORYGINALNA,2009,FABRYCZNY,2010-01-28,2010-01-28,,1598.00,,64.00,,1036,,1536,1536,,,2300,2,9,9,1100,555,5,5,,BENZYNA,,,,,1282,N,,N,B,,002110011000000,,,,,,9,03,,,,KUJAWSKO-POMORSKIE,INOWROCŁAWSKI,INOWROCŁAW,,,,2010-01-28,2019-03-15,2019-03-15,,04,,
25236294528784,NEPTUN,25,REMORQUE 1,N7-202 SVW,B75,202PND12,PRZYCZEPA LEKKA,CIĘŻAROWA,---,NOWY ZAKUPIONY W KRAJU,ORYGINALNA,2011,FABRYCZNY,2011-12-15,2013-07-15,,,,,,105,,750,750,645,645,,1,7,7,,,,,,,,,,,,N,,N,B,SORELPOL SP. Z O.O.,005930002000026,,1400,1400.0,1400,,1,1001000,,,,KUJAWSKO-POMORSKIE,BYDGOSZCZ,BYDGOSZCZ,,,,2011-12-15,2019-03-15,2019-03-15,,04,,
56388903243732,BMW,,---,520 KAT,---,---,SAMOCHÓD OSOBOWY,KARETA (SEDAN),---,UŻYW. ZAKUPIONY W KRAJU,ORYGINALNA,1990,FABRYCZNY,1991-01-07,2012-04-16,1991-01-07,1991.00,,110.00,,1530,,1935,1935,,,,2,11,11,1500,650,5,5,,BENZYNA,,,,,,T,,,N,,002160014000000,,,,,,9,03,,,,KUJAWSKO-POMORSKIE,MOGILEŃSKI,MOGILNO,KUJAWSKO-POMORSKIE,MOGILEŃSKI,MOGILNO,2005-01-04,2019-03-15,2019-03-15,04,04,,
7098443422843765,OPEL,13,S-D MONOCAB B,MERIVA,BD11,2AADA4FBBC5,SAMOCHÓD OSOBOWY,WIELOZADANIOWY,---,UŻYW. IMPORT INDYW,ORYGINALNA,2011,FABRYCZNY,2011-02-10,2019-06-12,2011-02-10,1364.00,,88.00,,1318,,1935,1935,,,,2,10,10,,,5,5,,BENZYNA,,,6.10,,,N,,N,B,ADAM OPEL GMBH,002240029000691,,,,,,1,0306000,,,,KUJAWSKO-POMORSKIE,RADZIEJOWSKI,RADZIEJÓW,,,,2019-06-12,2019-07-09,2019-10-01,,04,143.0,
48554095215910,TOYOTA,,---,COROLLA,---,---,SAMOCHÓD OSOBOWY,HATCHBACK,---,UŻYW. ZAKUPIONY W KRAJU,ORYGINALNA,1994,SKŁADAK,1994-10-11,2004-08-19,,1296.00,,,,950,,1450,1450,,,,2,8,8,700,450,5,5,,BENZYNA,,,,,,N,,,N,,002650008000000,,,,,,9,03,,,,KUJAWSKO-POMORSKIE,CHEŁMIŃSKI,CHEŁMNO,KUJAWSKO-POMORSKIE,CHEŁMIŃSKI,KIJEWO KRÓLEWSKIE,1994-10-11,2019-03-15,2019-03-15,04,04,,
17575931323529,FIAT,,,SIENA 1.6 KAT,,,SAMOCHÓD OSOBOWY,---,---,NOWY ZAKUPIONY W KRAJU,ORYGINALNA,1997,FABRYCZNY,1997-11-19,2015-10-30,,1580.00,,76.00,,1050,,1535,1535,,,,2,8,8,500,,5,5,,BENZYNA,GAZ PŁYNNY (PROPAN-BUTAN),,,,,N,,,T,,,,,,,,,,2015-10-30,PRZEKAZANIE POJAZDU DO DEMONTAŻU,2017-10-17,KUJAWSKO-POMORSKIE,BYDGOSZCZ,BYDGOSZCZ,KUJAWSKO-POMORSKIE,ŻNIŃSKI,JANOWIEC WIELKOPOLSKI,1997-11-19,2019-03-15,2019-03-15,04,04,,
928938519641,FIAT,13,,126 P 650,,,SAMOCHÓD OSOBOWY,---,---,UŻYW. ZAKUPIONY W KRAJU,ORYGINALNA,1988,FABRYCZNY,1988-02-10,2005-07-29,,652.00,0.0000,18.00,,600,,920,920,320,,0,2,6,6,400,0,4,4,0,BENZYNA,,,,,,N,,,N,,,,,,,,,,2007-07-11,PRZEKAZANIE POJAZDU DO DEMONTAŻU,2017-10-17,KUJAWSKO-POMORSKIE,BRODNICKI,BRODNICA,,,,1988-02-10,2019-03-15,2019-03-15,,04,,
7882766371383,FSM-BIELSKO BIAŁA,,---,POLSKI FIAT 170/700 KAT,---,---,SAMOCHÓD OSOBOWY,HATCHBACK,---,UŻYW. ZAKUPIONY W KRAJU,ORYGINALNA,1997,FABRYCZNY,1997-07-16,2013-03-25,,704.00,,22.00,,690,,1120,1120,,,,2,6,6,,,5,5,,BENZYNA,,,,,,N,,,N,,000170001000000,,,,,,9,03,,,,KUJAWSKO-POMORSKIE,ŻNIŃSKI,ŻNIN,KUJAWSKO-POMORSKIE,ŻNIŃSKI,ŁABISZYN,1997-07-16,2019-03-15,2019-03-15,04,04,,
8835944166266,OPEL,,,KADETT 1.4KAT,,,SAMOCHÓD OSOBOWY,HATCHBACK,---,UŻYW. ZAKUPIONY W KRAJU,ORYGINALNA,1989,FABRYCZNY,1989-10-18,2003-07-03,1989-10-18,1389.00,0.0000,44.00,,865,,1380,0,515,,0,2,7,7,0,0,5,5,0,BENZYNA,,,,,,T,,,N,,,,,,,,,,,,,KUJAWSKO-POMORSKIE,BRODNICKI,BRODNICA,KUJAWSKO-POMORSKIE,BRODNICKI,BOBROWO,2002-04-19,2019-03-15,2019-03-15,04,04,,
4800928978339,NISSAN,,---,"PRIMERA 2,0 D KOMBI",---,---,SAMOCHÓD OSOBOWY,KOMBI,---,UŻYW. IMPORT INDYW,ORYGINALNA,1993,FABRYCZNY,1993-05-19,2005-12-12,1993-05-19,1974.00,,48.00,,1225,,1845,1845,,,,2,10,10,1000,500,5,5,,OLEJ NAPĘDOWY,,,,,,N,,,T,,002640000000000,,,,,,9,03,2015-01-23,PRZEKAZANIE POJAZDU DO DEMONTAŻU,2017-10-17,KUJAWSKO-POMORSKIE,WŁOCŁAWEK,WŁOCŁAWEK,KUJAWSKO-POMORSKIE,WŁOCŁAWSKI,BRZEŚĆ KUJAWSKI,2005-12-12,2019-03-15,2019-03-15,04,04,,
26023680806675,NISSAN,,,X-TRAIL 2.0 DCI,,,SAMOCHÓD OSOBOWY,WIELOZADANIOWY,---,UŻYW. IMPORT INDYW,ORYGINALNA,2007,FABRYCZNY,2007-08-31,2008-08-19,2007-08-31,1995.00,,127.00,,1780,,2170,2170,,,,2,12,12,2200,750,5,5,,OLEJ NAPĘDOWY,,,,,,T,,,N,,,,,,,,,,,,,KUJAWSKO-POMORSKIE,NAKIELSKI,NAKŁO NAD NOTECIĄ,KUJAWSKO-POMORSKIE,NAKIELSKI,SADKI,2008-08-19,2019-03-15,2019-03-15,04,04,,
63116383106226,OPEL,13,,CORSA,,,SAMOCHÓD OSOBOWY,WIELOZADANIOWY,---,NOWY ZAKUPIONY W KRAJU,ORYGINALNA,2014,FABRYCZNY,2014-12-03,2015-12-18,,1398.00,,74.00,,1088,,1640,1640,552,,2590,2,9,9,1000,500,5,5,,BENZYNA,,,5.70,,1282,N,,,T,ADAM OPEL AG,,,2511,2511.0,2511,,,,,,,KUJAWSKO-POMORSKIE,GRUDZIĄDZ,GRUDZIĄDZ,KUJAWSKO-POMORSKIE,GRUDZIĄDZ,GRUDZIĄDZ,2014-12-03,2019-03-15,2019-03-15,04,04,134.0,
66467259817528,URSUS,,,C 330,,,CIĄGNIK ROLNICZY,KOŁOWY,---,UŻYW. ZAKUPIONY W KRAJU,ORYGINALNA,1978,FABRYCZNY,1979-03-27,1988-05-25,,1960.00,,1.00,,1675,,2240,,5500,,,2,1,1,,,1,1,,OLEJ NAPĘDOWY,,,,,,N,,,N,,,,,,,,,,,,,KUJAWSKO-POMORSKIE,TUCHOLSKI,TUCHOLA,KUJAWSKO-POMORSKIE,TUCHOLSKI,TUCHOLA,1979-03-27,2019-03-15,2019-03-15,04,04,,
33701287237485,HONDA,,---,CIVIC 1.3 KAT,---,---,SAMOCHÓD OSOBOWY,HATCHBACK,---,UŻYW. IMPORT INDYW,ORYGINALNA,1991,FABRYCZNY,1991-07-29,2016-02-25,1991-07-29,1343.00,,55.00,,870,,1310,1310,440,,2210,2,7,7,900,410,5,5,,BENZYNA,GAZ PŁYNNY (PROPAN-BUTAN),,,,,N,,,T,,001110003000000,,,,,,9,03,2016-02-25,PRZEKAZANIE POJAZDU DO DEMONTAŻU,2017-10-17,KUJAWSKO-POMORSKIE,BRODNICKI,BRODNICA,KUJAWSKO-POMORSKIE,WĄBRZESKI,PŁUŻNICA,2006-02-16,2019-03-15,2019-03-15,04,04,,
76692825230681,,,,POLSKI FIAT 126P 650,,,SAMOCHÓD OSOBOWY,---,---,UŻYW. ZAKUPIONY W KRAJU,ORYGINALNA,1992,FABRYCZNY,1992-07-17,2004-09-10,,652.00,,1.00,,600,,920,,1,,,2,6,6,,,4,4,,BENZYNA,,,,,,N,,,B,,,,,,,,,,,,,KUJAWSKO-POMORSKIE,TORUŃ,TORUŃ,KUJAWSKO-POMORSKIE,TORUŃ,TORUŃ,1992-07-17,2019-03-15,2019-03-15,04,04,,
61352026985869,URSUS,,,MF 255,,,CIĄGNIK ROLNICZY,KOŁOWY,---,UŻYW. ZAKUPIONY W KRAJU,ORYGINALNA,1986,FABRYCZNY,1986-01-02,1996-03-27,,2502.00,,1.00,,2170,,2921,,7500,,,2,1,1,,,1,1,,OLEJ NAPĘDOWY,,,,,,N,,,N,,,,,,,,,,,,,KUJAWSKO-POMORSKIE,SĘPOLEŃSKI,SĘPÓLNO KRAJEŃSKIE,KUJAWSKO-POMORSKIE,SĘPOLEŃSKI,SĘPÓLNO KRAJEŃSKIE,1986-01-02,2019-03-15,2019-03-15,04,04,,
94389927658202,CHRYSLER,,---,"VOYAGER 2,5 TD",---,---,SAMOCHÓD OSOBOWY,VAN,---,UŻYW. ZAKUPIONY W KRAJU,ORYGINALNA,1998,FABRYCZNY,1998-03-23,2017-10-13,1998-03-23,2499.00,,105.00,,1750,,2540,2540,,,4140,2,13,13,1600,700,7,7,,OLEJ NAPĘDOWY,,,,,,N,,,N,,002710001000000,,,,,,9,03,2018-05-15,PRZEKAZANIE POJAZDU DO DEMONTAŻU,2018-05-15,KUJAWSKO-POMORSKIE,ŚWIECKI,ŚWIECIE,,,,1999-07-29,2019-03-15,2019-03-15,,04,,
87778720939937,WSK,,,125,,,MOTOCYKL,---,---,UŻYW. ZAKUPIONY W KRAJU,ORYGINALNA,1975,FABRYCZNY,1982-07-26,1989-12-22,,123.00,,1.00,,125,,260,,1,,,2,1,1,,,2,2,,,,,,,,N,,,N,,,,,,,,,,,,,KUJAWSKO-POMORSKIE,NAKIELSKI,NAKŁO NAD NOTECIĄ,KUJAWSKO-POMORSKIE,NAKIELSKI,NAKŁO NAD NOTECIĄ,1982-07-26,2019-03-15,2019-03-15,04,04,,
56505345878180,AUDI,13,4E,A8,LBVNQ1,QA6EA0R4E70S57GG,SAMOCHÓD OSOBOWY,KARETA (SEDAN),---,UŻYW. ZAKUPIONY W KRAJU,ORYGINALNA,2008,FABRYCZNY,2009-12-02,2012-12-04,,4134.00,,240.00,,1945,,2545,2545,,,4915,2,14,14,2300,750,5,5,,OLEJ NAPĘDOWY,,,9.40,,1282,N,,,T,,002140006002596,,,,,,1,0301000,,,,KUJAWSKO-POMORSKIE,LIPNOWSKI,LIPNO,KUJAWSKO-POMORSKIE,LIPNOWSKI,SKĘPE,2009-12-02,2019-03-15,2019-03-15,04,04,249.0,
29934394243180,AUTOSAN,,,D-45,,,PRZYCZEPA ROLNICZ.SPECJALIZOW.,SAMOWYŁADOWCZA,---,UŻYW. ZAKUPIONY W KRAJU,ORYGINALNA,1982,FABRYCZNY,1982-07-28,2004-12-09,,,,,,1450,,4950,,3500,,,2,1,1,,,999,999,,,,,,,,B,,,B,,,,,,,,,,,,,KUJAWSKO-POMORSKIE,BYDGOSZCZ,BYDGOSZCZ,KUJAWSKO-POMORSKIE,BYDGOSKI,KORONOWO,1982-07-28,2019-03-15,2019-03-15,04,04,,
31832139818083,VOLKSWAGEN,,---,LT 35,---,---,SAMOCHÓD CIĘŻAROWY,FURGON,---,UŻYW. ZAKUPIONY W KRAJU,ORYGINALNA,2001,FABRYCZNY,2001-04-09,2012-09-26,2001-04-09,2459.00,,75.00,,2300,,3500,3500,1200,,,2,22,22,2500,750,9,9,,OLEJ NAPĘDOWY,,,,,,N,,,N,,002170004000000,,,,,,9,06,,,,KUJAWSKO-POMORSKIE,WŁOCŁAWEK,WŁOCŁAWEK,KUJAWSKO-POMORSKIE,WŁOCŁAWSKI,WŁOCŁAWEK,2008-10-02,2019-03-15,2019-03-15,04,04,,
